"direction","distance","value"
0,0,11.0962400436401
0,30,11.0962400436401
0,60,10.2043390274048
0,90,9.34732341766357
0,120,7.87128925323486
0,150,6.35213232040405
0,180,4.69852113723755
0,210,3.02191758155823
0,240,2.87222957611084
0,270,3.64278960227966
0,300,4.25020122528076
0,330,3.93587112426758
0,360,3.95606064796448
0,390,5.20929384231567
0,420,6.23861646652222
0,450,6.27301931381226
0,480,5.60490703582764
0,510,4.88780164718628
0,540,4.90528583526611
0,570,5.51939630508423
0,600,6.08715915679932
0,630,6.54482412338257
0,660,6.79109001159668
0,690,6.99583721160889
0,720,6.84046173095703
0,750,6.57238101959229
0,780,6.44117259979248
0,810,6.48330879211426
0,840,6.59333419799805
0,870,6.50454902648926
0,900,5.98114347457886
0,930,5.24908685684204
0,960,5.50818204879761
0,990,6.80088806152344
0,1020,7.94960355758667
0,1050,7.89903593063354
0,1080,7.59278726577759
0,1110,7.20978307723999
0,1140,7.97379779815674
0,1170,9.73916625976562
0,1200,11.3248434066772
0,1230,12.0393724441528
0,1260,12.2194557189941
0,1290,11.3695878982544
0,1320,9.1674861907959
0,1350,6.05916118621826
0,1380,3.46478796005249
0,1410,3.9443211555481
0,1440,5.09948587417603
0,1470,5.32867431640625
0,1500,5.61402177810669
0,1530,5.99464702606201
0,1560,5.72725296020508
0,1590,4.82807874679565
0,1620,4.44573593139648
0,1650,5.55011749267578
0,1680,6.56586503982544
0,1710,6.37007713317871
0,1740,5.36337184906006
0,1770,4.34291124343872
0,1800,3.85158681869507
0,1830,4.06048202514648
0,1860,4.8416051864624
0,1890,5.7421817779541
0,1920,6.07934045791626
0,1950,5.69017744064331
0,1980,6.02057504653931
0,2010,7.14434146881104
0,2040,8.12974452972412
0,2070,8.51884651184082
0,2100,8.758620262146
0,2130,8.95808696746826
0,2160,8.52066135406494
0,2190,7.34345149993896
0,2220,6.57762575149536
0,2250,7.17556285858154
0,2280,7.81397867202759
0,2310,7.36221027374268
0,2340,5.88979244232178
0,2370,4.36612176895142
0,2400,4.8734278678894
0,2430,5.97895622253418
0,2460,5.88676357269287
0,2490,5.07681798934937
0,2520,5.82707595825195
0,2550,7.42621231079102
0,2580,8.06056118011475
0,2610,7.57334327697754
0,2640,6.67773532867432
0,2670,6.12784910202026
0,2700,5.98849487304688
0,2730,5.5124979019165
0,2760,4.34126853942871
0,2790,2.71123099327087
0,2820,1.26227617263794
0,2850,0.932948231697083
0,2880,0.665079355239868
0,2910,1.43176138401031
0,2940,2.65584397315979
0,2970,3.61658215522766
0,3000,4.04845809936523
0,3030,3.95576000213623
0,3060,3.16753745079041
0,3090,2.2363338470459
0,3120,3.12635231018066
0,3150,4.42939043045044
0,3180,4.72753477096558
0,3210,4.2583065032959
0,3240,4.11949920654297
0,3270,4.41837024688721
0,3300,5.20267009735107
0,3330,5.70853710174561
0,3360,5.49369955062866
0,3390,4.25551319122314
0,3420,2.53160762786865
0,3450,1.55363869667053
0,3480,1.20640385150909
0,3510,1.58395648002625
0,3540,1.8003830909729
0,3570,1.77443861961365
0,3600,1.64580678939819
0,3630,1.3827543258667
0,3660,1.01709520816803
0,3690,0.833313524723053
0,3720,1.47592651844025
0,3750,2.3830554485321
0,3780,3.35175251960754
0,3810,4.32590293884277
0,3840,4.71317625045776
0,3870,4.81648969650269
0,3900,4.6708550453186
0,3930,4.44814205169678
0,3960,4.27808618545532
0,3990,4.0549144744873
0,4020,3.79748964309692
0,4050,3.9536554813385
0,4080,4.11978769302368
0,4110,4.12411499023438
0,4140,4.05550098419189
0,4170,3.91830968856812
0,4200,3.73497772216797
0,4230,3.49859833717346
0,4260,3.16941380500793
0,4290,2.89285469055176
0,4320,2.65091466903687
0,4350,2.20474028587341
0,4380,2.22941112518311
0,4410,2.71780133247375
0,4440,3.37402820587158
0,4470,3.55858063697815
0,4500,3.07457828521729
0,4530,2.79884457588196
0,4560,2.65763425827026
0,4590,2.44560313224792
0,4620,2.27951645851135
0,4650,2.65718698501587
0,4680,2.99821591377258
0,4710,3.62446427345276
0,4740,3.94281363487244
0,4770,4.44840955734253
0,4800,4.57335519790649
0,4830,4.85729789733887
0,4860,5.05145931243896
0,4890,5.35693836212158
0,4920,5.54647445678711
0,4950,5.01484107971191
0,4980,4.22635412216187
0,5010,4.09082365036011
0,5040,4.41729402542114
0,5070,4.32590293884277
0,5100,4.07159471511841
0,5130,3.5175793170929
0,5160,3.24284625053406
0,5190,2.97592401504517
0,5220,2.55823969841003
0,5250,2.33924293518066
0,5280,2.62068963050842
0,5310,3.20151567459106
0,5340,3.99553847312927
0,5370,4.7086329460144
0,5400,5.4101676940918
0,5430,5.98809766769409
0,5460,6.37026405334473
0,5490,6.36615610122681
0,5520,6.08618259429932
0,5550,5.80294752120972
0,5580,5.27890396118164
0,5610,4.57595443725586
0,5640,3.7222216129303
0,5670,3.01640391349792
0,5700,2.71780133247375
0,5730,3.31895422935486
0,5760,4.27725219726562
0,5790,5.16274976730347
0,5820,6.25878715515137
0,5850,7.03820037841797
0,5880,7.412269115448
0,5910,7.9724555015564
0,5940,8.29236888885498
0,5970,8.11715602874756
0,6000,7.54534435272217
0,6030,6.97728586196899
0,6060,6.07581901550293
0,6090,5.27191638946533
0,6120,4.62017488479614
0,6150,4.42294311523438
0,6180,4.47771596908569
0,6210,4.93645715713501
0,6240,5.55525684356689
0,6270,6.1944317817688
0,6300,6.31552457809448
0,6330,5.02052879333496
0,6360,3.28510499000549
0,6390,2.54238748550415
0,6420,2.12510061264038
0,6450,1.86653363704681
0,6480,1.68295645713806
0,6510,1.65947711467743
0,6540,1.66947841644287
0,6570,1.66662704944611
0,6600,1.60853850841522
0,6630,1.47592651844025
0,6660,1.43590772151947
0,6690,1.31125199794769
0,6720,1.4367356300354
0,6750,1.47027623653412
0,6780,1.53748250007629
0,6810,1.69352126121521
0,6840,1.69352126121521
0,6870,1.77443861961365
0,6900,1.92486703395844
0,6930,2.01008152961731
0,6960,1.94575667381287
0,6990,1.86589646339417
0,7020,1.78779053688049
0,7050,1.84539151191711
0,7080,1.77175617218018
0,7110,1.84732353687286
0,7140,1.83116114139557
0,7170,1.78246176242828
0,7200,1.64001679420471
0,7230,1.52895164489746
0,7260,1.59517705440521
0,7290,1.87669861316681
0,7320,2.09239602088928
0,7350,2.13347697257996
0,7380,1.98926961421967
0,7410,1.98448204994202
0,7440,2.67057776451111
0,7470,3.9049346446991
0,7500,5.00962209701538
0,7530,5.66084671020508
0,7560,5.39894723892212
0,7590,4.57335519790649
0,7620,3.63887071609497
0,7650,2.94459342956543
0,7680,2.41625499725342
0,7710,2.14015460014343
0,7740,2.20366144180298
0,7770,2.38505053520203
0,7800,2.5122766494751
0,7830,2.52784729003906
0,7860,2.54145193099976
0,7890,2.20258188247681
0,7920,1.84345746040344
0,7950,1.44827580451965
0,7980,1.0849746465683
0,8010,0.95933985710144
0,8040,1.09587919712067
0,8070,1.31487417221069
0,8100,1.57793951034546
0,8130,2.12789630889893
0,8160,2.61842012405396
0,8190,2.85728716850281
0,8220,2.9522557258606
0,8250,2.57399415969849
0,8280,1.96339869499207
0,8310,1.59592223167419
0,8340,1.78246176242828
0,8370,2.2192542552948
0,8400,2.73568058013916
0,8430,3.25126886367798
0,8460,3.41779637336731
0,8490,4.23506689071655
0,8520,5.9922661781311
0,8550,8.04417037963867
0,8580,9.73892211914062
0,8610,11.275071144104
0,8640,12.4806623458862
0,8670,12.7071657180786
0,8700,12.1022205352783
0,8730,11.268741607666
0,8760,10.3303346633911
0,8790,8.63873958587646
0,8820,6.5491828918457
0,8850,4.43046426773071
0,8880,4.33441543579102
0,8910,6.44486379623413
0,8940,8.33513259887695
0,8970,9.02210235595703
0,9000,9.0261869430542
0,9030,9.0234203338623
0,9060,8.89815521240234
0,9090,8.81086826324463
0,9120,9.59488582611084
0,9150,10.9313068389893
0,9180,11.9686470031738
0,9210,11.9502534866333
0,9240,11.4009199142456
0,9270,10.3801698684692
0,9300,9.52822971343994
0,9330,8.77584552764893
0,9360,7.69050550460815
0,9390,6.6145806312561
0,9420,5.21203231811523
0,9450,4.84872198104858
0,9480,4.39732933044434
0,9510,3.84478902816772
0,9540,2.91863512992859
0,9570,1.92363107204437
0,9600,1.53748250007629
0,9630,1.74402320384979
0,9660,1.87543094158173
0,9690,1.80565893650055
0,9720,1.55210721492767
0,9750,1.47027623653412
0,9780,1.3488005399704
0,9810,1.12267732620239
0,9840,1.13321912288666
0,9870,1.07063269615173
0,9900,0.896551728248596
0,9930,0.832993149757385
0,9960,0.831788122653961
0,9989.99999996112,0.763762593269348
45,0,2.64106154441833
45,42.4264065476003,2.64106154441833
45,42.4264068705341,2.62348103523254
45,84.8528134189989,3.0515124797821
45,84.8528137417269,3.14130043983459
45,127.279220290398,3.14269685745239
45,127.27922061292,3.17274737358093
45,169.705627161755,2.99821591377258
45,169.705627483454,2.89737272262573
45,212.132034033154,1.77309799194336
45,212.132034354647,1.79376649856567
45,254.558440904552,1.24233675003052
45,254.55844122584,1.83634853363037
45,296.984847775951,1.581702709198
45,296.984848097033,2.23473811149597
45,339.41125464735,1.93840956687927
45,339.411254967567,2.47027516365051
45,381.837661518748,2.21388983726501
45,381.83766183876,2.60932207107544
45,424.264068390106,2.31830835342407
45,424.264068709953,2.50421762466431
45,466.690475261504,2.29666566848755
45,466.690475580487,2.26433873176575
45,509.116882132903,1.98388278484344
45,509.11688245168,1.90686845779419
45,551.543289004302,1.99404585361481
45,551.543289322873,1.99106204509735
45,593.9696958757,2.1699492931366
45,593.969696193407,2.22727656364441
45,636.396102747099,2.43439483642578
45,636.3961030646,2.59469866752625
45,678.822509618498,2.83556485176086
45,678.822509935793,3.05011653900146
45,721.248916489855,3.43306994438171
45,721.248916806985,4.1350564956665
45,763.675323361254,4.75862073898315
45,763.67532367752,4.99155044555664
45,806.101730232652,5.18893909454346
45,806.101730548713,4.59462547302246
45,848.528137104051,5.12994050979614
45,848.528137419906,4.23927640914917
45,890.95454397545,6.75351667404175
45,890.95454429044,7.26007461547852
45,933.380950846848,8.10704231262207
45,933.380951161633,7.49442911148071
45,975.807357718206,6.7921404838562
45,975.807358032826,7.00212287902832
45,1018.2337645896,6.10471439361572
45,1018.23376490336,7.90249729156494
45,1060.660171461,7.80575704574585
45,1060.66017177455,8.97267627716064
45,1103.0865783324,9.72633838653564
45,1103.08657864575,9.90177726745605
45,1145.5129852038,11.9547300338745
45,1145.51298551694,12.6292600631714
45,1187.9393920752,13.8697872161865
45,1187.93939238747,15.2064666748047
45,1230.3657989466,13.1633834838867
45,1230.36579925867,14.044095993042
45,1272.79220581796,9.08985424041748
45,1272.79220612986,8.55450439453125
45,1315.21861268935,4.43743658065796
45,1315.21861300039,3.83518981933594
45,1357.64501956075,2.99027347564697
45,1357.64501987159,2.56473851203918
45,1400.07142643215,2.79586911201477
45,1400.07142674278,2.67146801948547
45,1442.49783330355,2.9157817363739
45,1442.49783361331,2.58781552314758
45,1484.92424017495,2.65673923492432
45,1484.92424048451,2.27847290039062
45,1527.35064704631,2.02364158630371
45,1527.3506473557,1.56962847709656
45,1569.7770539177,1.21524202823639
45,1569.77705422623,1.02871954441071
45,1612.2034607891,1.16631269454956
45,1612.20346109743,1.64580678939819
45,1654.6298676605,1.80565893650055
45,1654.62986796862,2.45676040649414
45,1697.0562745319,2.55172419548035
45,1697.05627483981,2.83430647850037
45,1739.4826814033,2.89285469055176
45,1739.48268171035,2.82042837142944
45,1781.9090882747,2.8887414932251
45,1781.90908858154,2.8514552116394
45,1824.33549514606,3.14833450317383
45,1824.33549545273,3.39440679550171
45,1866.76190201745,3.77582263946533
45,1866.76190232327,3.75941157341003
45,1909.18830888885,4.2583065032959
45,1909.18830919446,4.05080699920654
45,1951.61471576025,3.72062420845032
45,1951.61471606565,2.98748874664307
45,1994.04112263165,2.61932802200317
45,1994.04112293619,1.90686845779419
45,2036.46752950305,1.8447470664978
45,2036.46752980738,1.76974165439606
45,2078.89393637441,1.86844372749329
45,2078.89393667857,2.3830554485321
45,2121.3203432458,2.29718327522278
45,2121.32034354976,3.21226835250854
45,2163.7467501172,3.02152395248413
45,2163.7467504203,4.23029088973999
45,2206.1731569886,3.81996750831604
45,2206.17315729149,4.66907262802124
45,2248.59956386,4.57127475738525
45,2248.59956416268,4.88122892379761
45,2291.0259707314,4.83250999450684
45,2291.02597103322,4.93838357925415
45,2333.4523776028,4.25607204437256
45,2333.45237790441,4.0023775100708
45,2375.87878447416,2.82127141952515
45,2375.8787847756,2.7779495716095
45,2418.30519134555,2.19879984855652
45,2418.30519164614,2.70024442672729
45,2460.73159821695,2.43927431106567
45,2460.73159851733,3.0567364692688
45,2503.15800508835,3.05440163612366
45,2503.15800538852,3.59018349647522
45,2545.58441195975,3.85528969764709
45,2545.58441225972,3.89609384536743
45,2588.01081883115,3.97106051445007
45,2588.01081913025,4.18109655380249
45,2630.43722570255,4.49309158325195
45,2630.43722600144,5.51314496994019
45,2672.8636325739,6.34576463699341
45,2672.86363287264,8.39922428131104
45,2715.2900394453,9.19390773773193
45,2715.29003974317,10.6269569396973
45,2757.7164463167,10.8861799240112
45,2757.71644661436,11.199520111084
45,2800.1428531881,10.9056053161621
45,2800.14285348556,10.3379287719727
45,2842.5692600595,10.3606777191162
45,2842.56926035609,9.90861892700195
45,2884.9956669309,11.0594549179077
45,2884.99566722728,10.6414928436279
45,2927.42207380226,11.4243621826172
45,2927.42207409848,9.33164882659912
45,2969.84848067365,8.79898357391357
45,2969.84848096901,5.68975973129272
45,3012.27488754505,4.96958637237549
45,3012.2748878402,6.93849325180054
45,3054.70129441645,8.34796142578125
45,3054.7012947114,11.2541704177856
45,3097.12770128785,12.4233675003052
45,3097.12770158259,12.4422092437744
45,3139.55410815925,12.2913503646851
45,3139.55410845312,9.65517234802246
45,3181.98051503065,8.84306335449219
45,3181.98051532432,5.21226024627686
45,3224.406921902,6.01682138442993
45,3224.40692219551,3.62446427345276
45,3266.8333287734,5.33112812042236
45,3266.83332906604,3.45516562461853
45,3309.2597356448,5.49023580551147
45,3309.25973593724,4.01631641387939
45,3351.6861425162,6.24737739562988
45,3351.68614280843,4.92946672439575
45,3394.1125493876,6.9646635055542
45,3394.11254967896,6.00910902023315
45,3436.538956259,7.29161548614502
45,3436.53895655016,6.41156816482544
45,3478.96536313036,6.73341512680054
45,3478.96536342135,5.77974653244019
45,3521.39177000175,5.79536104202271
45,3521.39177029254,4.52893972396851
45,3563.81817687315,5.53982448577881
45,3563.81817716308,4.06282424926758
45,3606.24458374455,5.59875154495239
45,3606.24458403427,4.48700046539307
45,3648.67099061595,5.16873455047607
45,3648.67099090546,4.60444927215576
45,3691.09739748735,4.11892175674438
45,3691.097397776,4.3261775970459
45,3733.52380435875,3.64833450317383
45,3733.52380464719,4.91037368774414
45,3775.9502112301,4.75812101364136
45,3775.95021151838,6.4345235824585
45,3818.3766181015,6.00515031814575
45,3818.37661838892,7.17953872680664
45,3860.8030249729,6.2703652381897
45,3860.80302526011,6.68983268737793
45,3903.2294318443,5.71499061584473
45,3903.2294321313,6.37828493118286
45,3945.6558387157,6.58431100845337
45,3945.6558390025,7.69915914535522
45,3988.0822455871,8.31742477416992
45,3988.08224587303,9.13747596740723
45,4030.50865245846,9.2377758026123
45,4030.50865274422,9.6683406829834
45,4072.93505932985,9.61889743804932
45,4072.93505961542,9.3884334564209
45,4115.36146620125,9.34209156036377
45,4115.36146648595,8.04771709442139
45,4157.78787307265,7.92203378677368
45,4157.78787335714,6.38685464859009
45,4200.21427994405,6.71077346801758
45,4200.21428022834,5.6303071975708
45,4242.64068681545,6.78285598754883
45,4242.64068709887,5.82809638977051
45,4285.06709368685,6.99787616729736
45,4285.06709397006,6.28286838531494
45,4327.49350055821,7.48379135131836
45,4327.49350084126,6.66115522384644
45,4369.9199074296,8.01010036468506
45,4369.91990771179,7.22707939147949
45,4412.346314301,8.15194606781006
45,4412.34631458298,6.34314060211182
45,4454.7727211724,7.15481948852539
45,4454.77272145418,5.14012908935547
45,4497.1991280438,5.59917593002319
45,4497.19912832537,3.88080430030823
45,4539.6255349152,4.8641471862793
45,4539.6255351959,3.25528931617737
45,4582.05194178656,3.81217765808105
45,4582.0519420671,2.92880249023438
45,4624.47834865795,3.87804579734802
45,4624.47834893829,3.40873885154724
45,4666.90475552935,4.75987005233765
45,4666.90475580882,4.3516640663147
45,4709.33116240075,5.81113767623901
45,4709.33116268002,5.69038677215576
45,4751.75756927215,6.08754968643188
45,4751.75756955121,5.56872510910034
45,4794.18397614355,5.18962669372559
45,4794.18397642174,4.63045787811279
45,4836.61038301495,4.21056938171387
45,4836.61038329294,3.76478457450867
45,4879.03678988631,3.73688745498657
45,4879.03679016413,3.84973406791687
45,4921.4631967577,4.01157665252686
45,4921.46319703532,4.69978618621826
45,4963.8896036291,5.39476108551025
45,4963.88960390586,5.4035701751709
45,5006.3160105005,5.46048402786255
45,5006.31601077705,5.0472207069397
45,5048.7424173719,4.94055032730103
45,5048.74241764824,4.20406913757324
45,5091.1688242433,3.4801971912384
45,5091.16882451878,3.15776228904724
45,5133.59523111466,2.80521011352539
45,5133.59523138997,3.65159225463867
45,5176.02163798605,3.55958294868469
45,5176.02163826116,5.63452911376953
45,5218.44804485745,5.6665153503418
45,5218.4480451317,7.18682241439819
45,5260.87445172885,6.86284875869751
45,5260.87445200289,7.45274448394775
45,5303.30085860025,7.36527824401855
45,5303.30085887408,7.10060214996338
45,5345.72726547165,7.72860097885132
45,5345.72726574527,7.54912567138672
45,5388.15367234305,8.33912563323975
45,5388.15367261581,8.12828159332275
45,5430.58007921441,6.82584428787231
45,5430.580079487,6.9312915802002
45,5473.0064860858,8.24361515045166
45,5473.00648635819,10.023871421814
45,5515.4328929572,12.2747964859009
45,5515.43289322873,12.293478012085
45,5557.8592998286,12.166600227356
45,5557.85930009992,10.4079685211182
45,5600.2857067,8.63997840881348
45,5600.28570697112,7.25647020339966
45,5642.7121135714,6.06641817092896
45,5642.71211384165,5.62565898895264
45,5685.13852044276,4.71620273590088
45,5685.13852071284,4.7242636680603
45,5727.56492731416,3.6522433757782
45,5727.56492758403,4.12728500366211
45,5769.99133418555,3.5304012298584
45,5769.99133445457,4.49970293045044
45,5812.41774105695,4.53811979293823
45,5812.41774132576,5.96302509307861
45,5854.84414792835,6.38275766372681
45,5854.84414819695,7.20120239257812
45,5897.27055479975,8.24058532714844
45,5897.27055506815,7.64024639129639
45,5939.69696167115,9.05302143096924
45,5939.69696193868,6.84098291397095
45,5982.12336854251,8.64781951904297
45,5982.12336880987,5.85496520996094
45,6024.5497754139,8.04948997497559
45,6024.54977568107,5.30272626876831
45,6066.9761822853,7.3041615486145
45,6066.9761825516,4.9891676902771
45,6109.4025891567,6.09535789489746
45,6109.40258942279,3.99702620506287
45,6151.8289960281,5.07377195358276
45,6151.82899629399,4.68762636184692
45,6194.2554028995,7.46199226379395
45,6194.25540316452,7.98244190216064
45,6236.68180977086,9.32400035858154
45,6236.68181003571,9.03145503997803
45,6279.10821664225,7.74811553955078
45,6279.10821690691,6.79389095306396
45,6321.53462351365,7.04461765289307
45,6321.5346237781,7.38414287567139
45,6363.96103038505,8.00267505645752
45,6363.96103064863,7.98437833786011
45,6406.38743725645,7.27022171020508
45,6406.38743751983,5.97358417510986
45,6448.81384412785,4.85998964309692
45,6448.81384439102,4.41325426101685
45,6491.24025099925,3.67043018341064
45,6491.24025126155,3.55958294868469
45,6533.66665787061,3.36732578277588
45,6533.66665813275,3.62577629089355
45,6576.093064742,4.57387495040894
45,6576.09306500394,5.20381259918213
45,6618.5194716134,6.61979150772095
45,6618.51947187447,7.13718128204346
45,6660.9458784848,7.87189340591431
45,6660.94587874567,7.86131286621094
45,6703.3722853562,8.31127452850342
45,6703.37228561686,7.9304347038269
45,6745.7986922276,8.185715675354
45,6745.79869248805,7.98750495910645
45,6788.225099099,7.87657451629639
45,6788.22509935859,7.61749029159546
45,6830.65150597036,7.81839036941528
45,6830.65150622978,7.02162456512451
45,6873.07791284175,7.0999321937561
45,6873.07791310097,5.90310192108154
45,6915.50431971315,6.17154693603516
45,6915.50431997151,4.36748313903809
45,6957.93072658455,5.08991670608521
45,6957.9307268427,3.36237835884094
45,7000.35713345595,4.33578681945801
45,7000.35713371389,3.43133759498596
45,7042.78354032735,3.99583601951599
45,7042.78354058443,4.22635412216187
45,7085.20994719871,4.09082365036011
45,7085.20994745562,5.0538125038147
45,7127.6363540701,5.17011451721191
45,7127.63635432681,7.18036699295044
45,7170.0627609415,7.77492523193359
45,7170.06276119735,9.49798107147217
45,7212.4891678129,9.00389671325684
45,7212.48916806854,9.0352725982666
45,7254.9155746843,7.87249755859375
45,7254.91557493973,7.5562105178833
45,7297.3419815557,8.19195938110352
45,7297.34198181093,8.37852954864502
45,7339.76838842706,9.62174034118652
45,7339.76838868146,9.59302616119385
45,7382.19479529845,10.1111536026001
45,7382.19479555265,9.37854957580566
45,7424.62120216985,9.80814743041992
45,7424.62120242385,8.52610206604004
45,7467.04760904125,9.00719738006592
45,7467.04760929438,8.16389751434326
45,7509.47401591265,9.11767482757568
45,7509.47401616557,8.09280300140381
45,7551.90042278405,8.58364486694336
45,7551.90042303677,6.65222358703613
45,7594.32682965545,7.10277891159058
45,7594.3268299073,6.4919228553772
45,7636.75323652681,7.61171245574951
45,7636.75323677849,8.22325229644775
45,7679.1796433982,9.73208236694336
45,7679.17964364969,9.5027379989624
45,7721.6060502696,11.5686445236206
45,7721.60605052088,10.4620943069458
45,7764.032457141,12.6061725616455
45,7764.03245739141,11.4458866119385
45,7806.4588640124,13.6004648208618
45,7806.45886426261,12.2213048934937
45,7848.8852708838,14.5515604019165
45,7848.8852711338,12.2325859069824
45,7891.3116777552,14.2652797698975
45,7891.31167800433,10.8482122421265
45,7933.73808462656,13.1131544113159
45,7933.73808487553,8.93655776977539
45,7976.16449149795,10.99107837677
45,7976.16449174672,6.99311685562134
45,8018.59089836935,7.97156047821045
45,8018.59089861725,5.53123235702515
45,8061.01730524075,5.70228481292725
45,8061.01730548845,5.99206781387329
45,8103.44371211215,5.52520990371704
45,8103.44371235964,5.5919508934021
45,8145.87011898355,5.01768589019775
45,8145.87011923083,4.59125995635986
45,8188.29652585491,4.85925579071045
45,8188.29652610137,6.64166927337646
45,8230.7229327263,7.15382194519043
45,8230.72293297256,9.0967845916748
45,8273.1493395977,9.55688858032227
45,8273.14933984375,9.6010799407959
45,8315.5757464691,9.68333339691162
45,8315.57574671429,7.73029327392578
45,8358.0021533405,7.28084468841553
45,8358.00215358548,4.44118642807007
45,8400.4285602119,4.19132232666016
45,8400.42856045667,2.63065266609192
45,8442.8549670833,2.74652528762817
45,8442.85496732721,2.63110446929932
45,8485.28137395466,2.8514552116394
45,8485.2813741984,2.51794981956482
45,8527.70778082605,2.60339117050171
45,8527.70778106959,2.30596590042114
45,8570.13418769745,2.56844472885132
45,8570.13418794013,2.3915228843689
45,8612.56059456885,2.63291168212891
45,8612.56059481132,2.22727656364441
45,8654.98700144025,2.65584397315979
45,8654.98700168251,2.71517515182495
45,8697.41340831165,3.42023086547852
45,8697.4134085537,4.44627046585083
45,8739.83981518301,4.82561540603638
45,8739.83981542424,6.04816198348999
45,8782.2662220544,5.7289137840271
45,8782.26622229543,6.3386402130127
45,8824.6926289258,5.9847207069397
45,8824.69262916662,6.52571964263916
45,8867.1190357972,6.53409624099731
45,8867.11903603716,6.9029278755188
45,8909.5454426686,6.99396705627441
45,8909.54544290835,7.13734817504883
45,8951.97184954,7.42829370498657
45,8951.97184977954,7.14034605026245
45,8994.3982564114,7.68555641174316
45,8994.39825665008,7.40263795852661
45,9036.82466328276,7.84071493148804
45,9036.82466352127,8.09280300140381
45,9079.25107015415,8.67774200439453
45,9079.25107039247,8.68185234069824
45,9121.67747702555,8.65620231628418
45,9121.67747726366,8.17699527740479
45,9164.10388389695,8.34440040588379
45,9164.10388413419,7.68308067321777
45,9206.53029076835,7.36995840072632
45,9206.53029100539,6.47266292572021
45,9248.95669763975,7.26302194595337
45,9248.95669787658,9.69683170318604
45,9291.38310451111,12.3541669845581
45,9291.38310474711,14.9414234161377
45,9333.80951138251,16.540584564209
45,9333.8095116183,14.934497833252
45,9376.2359182539,15.2081089019775
45,9376.2359184895,10.3107481002808
45,9418.6623251253,11.553936958313
45,9418.66232536003,8.08148193359375
45,9461.0887319967,10.5989475250244
45,9461.08873223123,10.9405488967896
45,9503.5151388681,12.5397825241089
45,9503.51513910242,15.8225145339966
45,9545.9415457395,15.590859413147
45,9545.94154597361,16.2722091674805
45,9588.36795261086,13.7962923049927
45,9588.36795284414,11.9248542785645
45,9630.79435948225,10.7218647003174
45,9630.79435971534,11.3032989501953
45,9673.22076635365,12.8179426193237
45,9673.22076658653,13.3035535812378
45,9715.64717322505,13.9868288040161
45,9715.64717345707,11.8160696029663
45,9758.07358009645,13.74232006073
45,9758.07358032826,11.8303508758545
45,9800.49998696785,13.795862197876
45,9800.49998719945,13.2611207962036
45,9842.92639383921,13.5788536071777
45,9842.92639406999,13.5915441513062
45,9885.35280071061,13.7253503799438
45,9885.35280094118,13.3009614944458
45,9927.779207582,11.6245260238647
45,9927.77920781237,11.2241249084473
45,9970.2056144534,9.54742813110352
45,9970.20561468291,9.157883644104
45,10012.6320213248,7.5167670249939
45,10012.6320215541,7.21555328369141
45,10055.0584281962,6.04855489730835
45,10055.0584284253,5.36093235015869
45,10097.4848350676,4.20915699005127
45,10097.4848352965,3.53578615188599
45,10139.911241939,3.09039402008057
45,10139.911242167,2.36250948905945
45,10182.3376488104,2.6661217212677
45,10182.3376490382,1.97788000106812
45,10224.7640556818,3.02309775352478
45,10224.7640559094,2.9182276725769
45,10267.1904625532,3.55824637413025
45,10267.1904627799,3.29558491706848
45,10309.6168694246,3.38704252243042
45,10309.6168696511,3.05712556838989
45,10352.0432762959,3.22409176826477
45,10352.0432765223,3.02113056182861
45,10394.4696831673,2.8817355632782
45,10394.4696833929,2.68168592453003
45,10436.8960900387,3.16302967071533
45,10436.8960902641,5.61190366744995
45,10479.3224969101,6.28400373458862
45,10479.3224971352,8.76933860778809
45,10521.7489037815,9.65024471282959
45,10521.7489040064,10.7593946456909
45,10564.1753106529,10.6298666000366
45,10564.175310877,8.95715808868408
45,10606.6017175243,9.14072799682617
45,10606.6017177482,8.07029151916504
45,10649.0281243957,8.37228298187256
45,10649.0281246194,10.3414936065674
45,10691.4545312671,10.5612983703613
45,10691.4545314899,10.2766723632812
45,10733.8809381385,10.0743961334229
45,10733.8809383611,6.31627750396729
45,10776.3073450099,6.12513208389282
45,10776.3073452323,4.7850341796875
45,10818.7337518813,4.84430599212646
45,10818.7337521028,6.48257541656494
45,10861.1601587527,6.52353286743164
45,10861.160158974,8.11832809448242
45,10903.586565624,7.83221817016602
45,10903.5865658452,7.86841869354248
45,10946.0129724954,7.13618183135986
45,10946.0129727164,6.01108741760254
45,10988.4393793668,5.20564031600952
45,10988.4393795869,3.71294617652893
45,11030.8657862382,3.35954809188843
45,11030.8657864581,3.59481716156006
45,11073.2921931096,3.59018349647522
45,11073.2921933293,4.64916610717773
45,11115.718599981,4.7124195098877
45,11115.7186001998,5.15352869033813
45,11158.1450068524,5.24251365661621
45,11158.145007071,5.42706489562988
45,11200.5714137238,5.89766073226929
45,11200.5714139422,7.80088090896606
45,11242.9978205952,8.25039196014404
45,11242.9978208128,9.35836887359619
45,11285.4242274666,8.70155143737793
45,11285.424227684,7.79767942428589
45,11327.850634338,5.74756336212158
45,11327.8506345552,5.54046821594238
45,11370.2770412094,4.17198610305786
45,11370.2770414263,6.48880863189697
45,11412.7034480808,4.95256948471069
45,11412.7034482969,7.08282899856567
45,11455.1298549521,5.60129928588867
45,11455.1298551681,7.05894994735718
45,11497.5562618235,5.88332843780518
45,11497.5562620393,7.08803129196167
45,11539.9826686949,6.09360218048096
45,11539.9826689098,7.03938293457031
45,11582.4090755663,6.43581676483154
45,11582.409075781,6.41972303390503
45,11624.8354824377,6.63468360900879
45,11624.8354826522,6.21091842651367
45,11667.2618893091,7.22296524047852
45,11667.2618895227,5.9888916015625
45,11709.6882961805,7.2963433265686
45,11709.6882963939,5.54776048660278
45,11752.1147030519,7.1788763999939
45,11752.1147032651,5.33959722518921
45,11794.5411099233,7.74335670471191
45,11794.5411101356,7.60514879226685
45,11836.9675167947,10.9501085281372
45,11836.9675170068,11.8949022293091
45,11879.3939236661,14.0556058883667
45,11879.393923878,14.1795015335083
45,11921.8203305375,14.218358039856
45,11921.8203307492,14.0188426971436
45,11964.2467374089,12.4209747314453
45,11964.2467376197,12.0771398544312
45,12006.6731442802,9.1948127746582
45,12006.6731444909,8.87956142425537
45,12049.0995511516,5.88918685913086
45,12049.0995513621,5.12646245956421
45,12091.525958023,2.44463062286377
45,12091.5259582327,1.9952380657196
45,12133.9523648944,1.66234076023102
45,12133.9523651039,1.53902852535248
45,12176.3787717658,1.47189283370972
45,12176.3787719751,1.45073688030243
45,12218.8051786372,1.3488005399704
45,12218.8051788456,1.4234322309494
45,12261.2315855086,1.35144257545471
45,12261.2315857168,1.28653502464294
45,12303.65799238,1.24329352378845
45,12303.657992588,1.30306506156921
45,12346.0843992514,1.23465609550476
45,12346.0843994592,1.53980088233948
45,12388.5108061228,1.39814722537994
45,12388.5108063297,1.68719029426575
45,12430.9372129942,1.24615943431854
45,12430.9372132009,1.36631810665131
45,12473.3636198656,1.37152981758118
45,12473.3636200721,1.69352126121521
45,12515.7900267369,1.93840956687927
45,12515.7900269426,2.21388983726501
45,12558.2164336083,2.29096341133118
45,12558.2164338138,2.40540409088135
45,12600.6428404797,2.17596864700317
45,12600.642840685,2.0941002368927
45,12643.0692473511,1.54211580753326
45,12643.0692475555,1.1885302066803
45,12685.4956542225,1.04818511009216
45,12685.4956544267,0.927836120128632
45,12727.9220610939,0.980184137821198
45,12727.9220612979,1.04818511009216
45,12770.3484679653,1.22401654720306
45,12770.3484681691,1.14677858352661
45,12812.7748748367,1.4367356300354
45,12812.7748750397,1.56127333641052
45,12855.2012817081,2.02364158630371
45,12855.2012819108,1.85567224025726
45,12897.6276885795,2.23260879516602
45,12897.627688782,1.77577841281891
45,12940.0540954509,1.93902289867401
45,12940.0540956526,1.53902852535248
45,12982.4805023223,1.56203472614288
45,12982.4805025238,1.2957444190979
45,13024.9069091937,1.13426792621613
45,13024.906909395,1.1012909412384
45,13067.3333160651,0.931672811508179
45,13067.3333162655,1.03102874755859
45,13109.7597229364,1.11096572875977
45,13109.7597231367,1.22012460231781
45,13152.1861298078,1.28838217258453
45,13152.1861300079,1.40493440628052
45,13194.6125366792,1.42092394828796
45,13194.6125368784,1.36195981502533
45,13237.0389435506,1.31034481525421
45,13237.0389437496,0.985024631023407
45,13279.465350422,0.927836120128632
45,13279.4653506208,0.804269254207611
45,13321.8917572934,0.726596832275391
45,13321.891757492,0.711716115474701
45,13364.3181641648,0.698222637176514
45,13364.3181643625,0.745976150035858
45,13406.7445710362,0.726596832275391
45,13406.7445712337,0.859997510910034
45,13449.1709779076,0.866883099079132
45,13449.1709781049,0.88453483581543
45,13491.597384779,0.907099783420563
45,13491.5973849754,1.02987480163574
45,13534.0237916504,0.827586233615875
45,13534.0237918466,0.905787944793701
45,13576.4501985218,0.760186493396759
45,13576.4501987178,0.873714447021484
45,13618.8766053932,0.833313524723053
45,13618.8766055884,1.05271291732788
45,13661.3030122645,1.02871954441071
45,13661.3030124596,1.32388651371002
45,13703.7294191359,1.29390776157379
45,13703.7294193308,1.2957444190979
45,13746.1558260073,1.0849746465683
45,13746.1558262019,1.07063269615173
45,13788.5822328787,1.22886407375336
45,13788.5822330725,1.24520480632782
45,13831.0086397501,1.31034481525421
45,13831.0086399437,1.24901866912842
45,13873.4350466215,1.07063269615173
45,13873.4350468149,1.08607006072998
45,13915.8614534929,1.0504515171051
45,13915.8614536854,1.387047290802
45,13958.2878603643,1.55974936485291
45,13958.2878605566,1.98088371753693
45,14000.7142672357,1.83181035518646
45,14000.7142674278,1.94667434692383
45,14043.1406741071,1.55379092693329
45,14043.1406742983,1.64140641689301
45,14085.5670809785,1.33333337306976
45,14085.5670811695,1.68426084518433
45,14127.9934878499,1.11340439319611
90,0,3.29983162879944
90,30,3.97772622108459
90,60,4.75432062149048
90,90,4.67823171615601
90,120,3.59680128097534
90,150,2.83472609519958
90,180,2.49040961265564
90,210,2.0011887550354
90,240,2.34888076782227
90,270,2.35646200180054
90,300,2.14015460014343
90,330,2.07355809211731
90,360,1.934725522995
90,390,2.00593638420105
90,420,1.98986732959747
90,450,2.25802826881409
90,480,4.30937910079956
90,510,7.18202257156372
90,540,8.92257595062256
90,570,9.35976696014404
90,600,9.70786094665527
90,630,10.8265981674194
90,660,11.9611940383911
90,690,12.2230558395386
90,720,10.862452507019
90,750,8.24822998046875
90,780,6.617995262146
90,810,6.11152791976929
90,840,5.65433120727539
90,870,4.99250316619873
90,900,4.37455606460571
90,930,4.53654718399048
90,960,5.49932432174683
90,990,6.71272230148315
90,1020,7.59951829910278
90,1050,7.81732559204102
90,1080,7.27120304107666
90,1110,6.03674840927124
90,1140,4.73909044265747
90,1170,3.75022792816162
90,1200,3.17203903198242
90,1230,2.70815920829773
90,1260,2.20635771751404
90,1290,2.60841035842896
90,1320,4.63328170776367
90,1350,7.12133693695068
90,1380,8.8547534942627
90,1410,8.86039161682129
90,1440,7.15398836135864
90,1470,5.57875204086304
90,1500,6.95167636871338
90,1530,9.17682075500488
90,1560,10.7490005493164
90,1590,11.9297389984131
90,1620,12.3382759094238
90,1650,11.6502742767334
90,1680,9.95292091369629
90,1710,7.69900465011597
90,1740,5.1562967300415
90,1770,3.66037368774414
90,1800,3.42682981491089
90,1830,3.77235698699951
90,1860,4.18024349212646
90,1890,4.27558374404907
90,1920,4.11603403091431
90,1950,4.00920486450195
90,1980,4.28086471557617
90,2010,5.01910734176636
90,2040,6.35362958908081
90,2070,7.47918224334717
90,2100,8.09250926971436
90,2130,9.18873310089111
90,2160,9.71985721588135
90,2190,9.67854309082031
90,2220,9.35646343231201
90,2250,8.67568683624268
90,2280,8.14070701599121
90,2310,8.09823703765869
90,2340,7.82401561737061
90,2370,6.85556793212891
90,2400,5.98432350158691
90,2430,6.07386159896851
90,2460,7.38639688491821
90,2490,8.44482707977295
90,2520,8.06557559967041
90,2550,6.8668327331543
90,2580,6.45721292495728
90,2610,6.69072151184082
90,2640,7.24581146240234
90,2670,7.86705827713013
90,2700,8.13398456573486
90,2730,8.08118724822998
90,2760,7.85964870452881
90,2790,7.56910276412964
90,2820,7.77706623077393
90,2850,8.65977382659912
90,2880,9.42244148254395
90,2910,9.55751132965088
90,2940,8.25716304779053
90,2970,6.04226112365723
90,3000,4.18308687210083
90,3030,3.05440163612366
90,3060,2.07585072517395
90,3090,1.62910509109497
90,3120,1.74946904182434
90,3150,2.17159271240234
90,3180,3.70075678825378
90,3210,5.76903867721558
90,3240,6.67844772338867
90,3270,6.11911106109619
90,3300,4.52972745895386
90,3330,2.50041604042053
90,3360,1.70959377288818
90,3390,1.54442727565765
90,3420,1.87733209133148
90,3450,2.80732870101929
90,3480,3.84231400489807
90,3510,5.36315011978149
90,3540,7.28541612625122
90,3570,8.25240898132324
90,3600,7.87989521026611
90,3630,6.59116983413696
90,3660,6.88153553009033
90,3690,8.27241325378418
90,3720,8.45298957824707
90,3750,6.62840795516968
90,3780,4.68229627609253
90,3810,4.82019138336182
90,3840,5.79577112197876
90,3870,6.60342597961426
90,3900,7.33778190612793
90,3930,7.26580429077148
90,3960,7.28002834320068
90,3990,7.03008651733398
90,4020,5.97477865219116
90,4050,5.31347846984863
90,4080,6.01879739761353
90,4110,6.61062431335449
90,4140,6.35568809509277
90,4170,5.61359834671021
90,4200,5.22319889068604
90,4230,4.66907262802124
90,4260,4.18024349212646
90,4290,4.41567850112915
90,4320,5.493483543396
90,4350,6.33394861221313
90,4380,6.09847831726074
90,4410,5.12924528121948
90,4440,4.46122169494629
90,4470,4.41298484802246
90,4500,4.90940523147583
90,4530,5.62671566009521
90,4560,6.06700611114502
90,4590,5.9109525680542
90,4620,5.30788135528564
90,4650,4.48037052154541
90,4680,4.09082365036011
90,4710,5.0538125038147
90,4740,7.34150791168213
90,4770,9.33534336090088
90,4800,9.43480014801025
90,4830,8.17088603973389
90,4860,6.36522197723389
90,4890,5.46918725967407
90,4920,5.68662405014038
90,4950,6.47927284240723
90,4980,7.54345321655273
90,5010,8.21384811401367
90,5040,8.21471691131592
90,5070,6.73270893096924
90,5100,4.62017488479614
90,5130,3.54619598388672
90,5160,2.88091015815735
90,5190,2.14015460014343
90,5220,1.77912318706512
90,5250,1.47350764274597
90,5280,1.24329352378845
90,5310,0.943089246749878
90,5340,0.912328064441681
90,5370,0.907099783420563
90,5400,1.12585020065308
90,5430,1.74402320384979
90,5460,3.15550208091736
90,5490,4.43261051177979
90,5520,5.21499729156494
90,5550,5.737624168396
90,5580,6.02906179428101
90,5610,6.64166927337646
90,5640,7.54975557327271
90,5670,7.54786539077759
90,5700,6.24014091491699
90,5730,4.97771501541138
90,5760,4.48434972763062
90,5790,3.41988301277161
90,5820,2.59469866752625
90,5850,3.18326473236084
90,5880,4.39759969711304
90,5910,5.81113767623901
90,5940,8.06159400939941
90,5970,10.0641222000122
90,6000,11.3876667022705
90,6030,11.5915422439575
90,6060,10.2650947570801
90,6090,8.36546325683594
90,6120,7.80240535736084
90,6150,7.80834627151489
90,6180,7.988844871521
90,6210,8.72965621948242
90,6240,9.33801746368408
90,6270,9.43089294433594
90,6300,9.6546802520752
90,6330,8.78505420684814
90,6360,8.04328346252441
90,6390,9.30523490905762
90,6420,11.755030632019
90,6450,13.1079845428467
90,6480,13.1989259719849
90,6510,12.4301614761353
90,6540,11.7246446609497
90,6570,12.3530120849609
90,6600,13.6573495864868
90,6630,14.7192516326904
90,6660,15.5519151687622
90,6690,17.1979446411133
90,6720,17.9512481689453
90,6750,16.4892501831055
90,6780,13.0338439941406
90,6810,10.1245517730713
90,6840,11.1820945739746
90,6870,13.30712890625
90,6900,13.6888303756714
90,6930,13.6737070083618
90,6960,13.8265113830566
90,6990,14.0556058883667
90,7020,13.5322751998901
90,7050,12.9145183563232
90,7080,12.3392400741577
90,7110,12.3269958496094
90,7140,13.0029726028442
90,7170,14.0581436157227
90,7200,14.1607885360718
90,7230,13.2065811157227
90,7260,11.1644287109375
90,7290,8.83418369293213
90,7320,6.84133052825928
90,7350,8.80047035217285
90,7380,12.8526821136475
90,7410,13.9991502761841
90,7440,13.3156147003174
90,7470,12.1923742294312
90,7500,12.722222328186
90,7530,14.3925762176514
90,7560,17.7840118408203
90,7590,21.0542583465576
90,7620,21.958776473999
90,7650,20.4243335723877
90,7680,17.5764007568359
90,7710,14.0861959457397
90,7740,10.8631086349487
90,7770,8.45481777191162
90,7800,7.41114616394043
90,7830,8.1649169921875
90,7860,9.69683170318604
90,7890,10.2152805328369
90,7920,9.51361751556396
90,7950,7.81063032150269
90,7980,5.7255916595459
90,8010,5.22274351119995
90,8040,5.10926961898804
90,8070,5.0758810043335
90,8100,5.27123975753784
90,8130,5.28070545196533
90,8160,5.2484073638916
90,8190,5.06579780578613
90,8220,4.96551704406738
90,8250,4.70989561080933
90,8280,4.42831659317017
90,8310,5.12878131866455
90,8340,6.49466991424561
90,8370,7.66588258743286
90,8400,8.03278064727783
90,8430,7.80316734313965
90,8460,7.16976070404053
90,8490,7.21901321411133
90,8520,7.67766189575195
90,8550,7.88487339019775
90,8580,7.66572761535645
90,8610,6.9434609413147
90,8640,5.99960374832153
90,8670,5.78406524658203
90,8700,6.31100416183472
90,8730,7.46947813034058
90,8760,8.87875747680664
90,8790,9.61531162261963
90,8820,9.32744312286377
90,8850,8.49774360656738
90,8880,7.54487180709839
90,8910,6.96619987487793
90,8940,6.51642036437988
90,8970,6.29874563217163
90,9000,6.35755825042725
90,9030,6.31684255599976
90,9060,5.96342420578003
90,9090,5.62565898895264
90,9120,5.49218463897705
90,9150,5.27777719497681
90,9180,4.88293409347534
90,9210,4.35958099365234
90,9240,3.85374712944031
90,9270,3.50776267051697
90,9300,3.47130250930786
90,9330,3.64898633956909
90,9360,3.63985085487366
90,9390,3.59382486343384
90,9420,3.20262980461121
90,9450,2.78521656990051
90,9480,2.4765248298645
90,9510,2.32445502281189
90,9540,2.26643824577332
90,9570,2.57860946655273
90,9600,3.09212303161621
90,9630,3.29346036911011
90,9660,3.39753007888794
135,0,7.90611600875854
135,42.4264067735635,8.69954586029053
135,42.4264068711927,10.6850423812866
135,84.852813644633,11.2788743972778
135,84.8528137423855,13.7316732406616
135,127.279220515743,13.251163482666
135,127.279220614237,13.757194519043
135,169.705627386854,13.621955871582
135,169.70562748543,13.9072856903076
135,212.132034257923,14.1992778778076
135,212.132034356623,13.9960079193115
135,254.558441129034,14.6722412109375
135,254.558441227815,14.4095849990845
135,296.984848000144,15.3162460327148
135,296.984848099008,15.1830682754517
135,339.411254871214,15.4903211593628
135,339.411254970201,13.4540214538574
135,381.837661742324,12.9466114044189
135,381.837661841394,8.50711345672607
135,424.264068613435,7.34555625915527
135,424.264068713245,3.79341697692871
135,466.690475484545,3.85405564308167
135,466.690475584438,3.63331127166748
135,509.116882355615,4.03993129730225
135,509.116882455631,4.80289268493652
135,551.543289226725,4.65785360336304
135,551.543289326824,5.68934154510498
135,593.969696097836,5.91537618637085
135,593.969696198017,6.47394847869873
135,636.396102968905,7.08400440216064
135,636.396103069209,6.3674635887146
135,678.822509840015,6.9036169052124
135,678.822509940403,6.19039964675903
135,721.248916711126,6.62769031524658
135,721.248916812254,7.47743320465088
135,763.675323582195,8.23510074615479
135,763.675323683447,8.90136241912842
135,806.101730453306,9.97273349761963
135,806.101730554639,8.26536655426025
135,848.528137324417,8.43778419494629
135,848.528137425832,5.67574071884155
135,890.954544195486,6.36447477340698
135,890.954544297026,5.63537311553955
135,933.380951066597,8.72284317016602
135,933.380951168218,10.8498563766479
135,975.807357937707,13.7888784408569
135,975.807358039411,15.2029476165771
135,1018.23376480882,16.1573715209961
135,1018.23376491126,15.6357164382935
135,1060.66017167989,14.531608581543
135,1060.66017178246,12.0776319503784
135,1103.086578551,9.87038516998291
135,1103.08657865365,8.0255241394043
135,1145.51298542211,6.48935842514038
135,1145.51298552484,6.60756587982178
135,1187.93939229318,9.1141529083252
135,1187.93939239603,9.79128170013428
135,1230.36579916429,12.2607421875
135,1230.36579926723,11.3881883621216
135,1272.7922060354,10.8360385894775
135,1272.79220613842,9.12927341461182
135,1315.21861290647,7.61389923095703
135,1315.21861301027,6.87375545501709
135,1357.64501977758,6.1245493888855
135,1357.64501988146,7.04900455474854
135,1400.07142664869,6.45942258834839
135,1400.07142675266,7.4018349647522
135,1442.49783351976,6.09184551239014
135,1442.49783362385,7.17092180252075
135,1484.92424039087,6.26979637145996
135,1484.92424049504,6.39652872085571
135,1527.35064726198,5.67133951187134
135,1527.35064736624,4.96527767181396
135,1569.77705413309,4.57569456100464
135,1569.77705423743,3.86268472671509
135,1612.20346100416,3.88386702537537
135,1612.20346110928,4.63328170776367
135,1654.62986787527,5.38019466400146
135,1654.62986798047,7.81245708465576
135,1697.05627474638,7.88758707046509
135,1697.05627485166,11.4906778335571
135,1739.48268161745,11.4045696258545
135,1739.48268172286,13.3407726287842
135,1781.90908848856,13.0408668518066
135,1781.90908859405,11.6251401901245
135,1824.33549535967,11.2493095397949
135,1824.33549546524,8.81370162963867
135,1866.76190223074,8.20733165740967
135,1866.76190233644,8.96869945526123
135,1909.18830910185,7.96230697631836
135,1909.18830920829,10.0072507858276
135,1951.61471597296,8.495924949646
135,1951.61471607948,9.85881328582764
135,1994.04112284403,8.90069389343262
135,1994.04112295067,9.24382400512695
135,2036.46752971514,9.06903076171875
135,2036.46752982187,8.39568424224854
135,2078.89393658625,8.19631290435791
135,2078.89393669306,6.93455028533936
135,2121.32034345736,7.27594375610352
135,2121.32034356425,8.64369297027588
135,2163.74675032843,8.84628963470459
135,2163.74675043544,9.20670318603516
135,2206.17315719954,8.39653396606445
135,2206.1731573073,7.43901062011719
135,2248.59956407065,7.27937507629395
135,2248.59956417849,11.5847702026367
135,2291.02597094172,13.1611251831055
135,2291.02597104968,17.0948257446289
135,2333.45237781283,17.9806346893311
135,2333.45237792087,17.711051940918
135,2375.87878468394,17.758186340332
135,2375.87878479207,14.2550239562988
135,2418.30519155501,13.0763788223267
135,2418.30519166326,8.42664337158203
135,2460.73159842612,7.14866781234741
135,2460.73159853445,3.97973465919495
135,2503.15800529723,3.15135431289673
135,2503.15800540631,2.02833676338196
135,2545.5844121683,1.73239398002625
135,2545.5844122775,2.33517289161682
135,2588.01081903941,2.4068865776062
135,2588.01081914869,2.8242199420929
135,2630.43722591052,2.78735041618347
135,2630.43722601988,2.46738529205322
135,2672.86363278163,2.00830626487732
135,2672.86363289108,1.88302385807037
135,2715.2900396527,1.98926961421967
135,2715.29003976227,2.05974960327148
135,2757.71644652381,2.20474028587341
135,2757.71644663412,1.9463677406311
135,2800.14285339492,1.78312873840332
135,2800.14285350531,1.84603571891785
135,2842.56926026599,1.64580678939819
135,2842.56926037651,2.0065290927887
135,2884.9956671371,1.89498364925385
135,2884.9956672477,2.28003787994385
135,2927.42207400822,2.12901377677917
135,2927.42207411889,2.57445597648621
135,2969.84848087929,2.5799925327301
135,2969.84848099008,2.89449834823608
135,3012.2748877504,3.03409099578857
135,3012.27488786128,2.97592401504517
135,3054.70129462151,3.08808445930481
135,3054.70129473313,2.84519338607788
135,3097.12770149262,3.13394975662231
135,3097.12770160432,3.79968070983887
135,3139.55410836369,3.90736985206604
135,3139.55410847552,4.41460132598877
135,3181.9805152348,4.04698896408081
135,3181.98051534671,3.36379265785217
135,3224.40692210591,2.66031742095947
135,3224.4069222179,1.73376619815826
135,3266.83332897698,2.10881161689758
135,3266.83332908909,2.57399415969849
135,3309.25973584809,3.30531215667725
135,3309.25973596029,3.44793105125427
135,3351.6861427192,3.5280430316925
135,3351.68614283214,3.04309129714966
135,3394.11254959027,2.65584397315979
135,3394.11254970333,1.86206901073456
135,3436.53895646138,1.68366289138794
135,3436.53895657452,1.17646360397339
135,3478.96536333249,1.92856991291046
135,3478.96536344572,2.06321048736572
135,3521.39177020356,3.51284384727478
135,3521.39177031691,3.75751328468323
135,3563.81817707467,4.45935535430908
135,3563.8181771881,4.41729402542114
135,3606.24458394578,4.09082365036011
135,3606.2445840593,5.0538125038147
135,3648.67099081689,6.22621536254883
135,3648.67099093115,8.45706748962402
135,3691.09739768796,9.06916236877441
135,3691.09739780234,9.24228000640869
135,3733.52380455907,8.82529640197754
135,3733.52380467353,6.73376846313477
135,3775.95021143018,6.20498037338257
135,3775.95021154472,4.24600267410278
135,3818.37661830125,4.55172395706177
135,3818.37661841592,4.89144945144653
135,3860.80302517236,6.15920352935791
135,3860.80302528711,7.32058477401733
135,3903.22943204347,7.84602117538452
135,3903.2294321583,7.1778826713562
135,3945.65583891454,6.06641817092896
135,3945.65583903015,4.68788003921509
135,3988.08224578565,3.23109149932861
135,3988.08224590135,2.11275506019592
135,4030.50865265676,2.15730929374695
135,4030.50865277254,1.99881052970886
135,4072.93505952783,1.581702709198
135,4072.93505964373,1.57793951034546
135,4115.36146639894,1.90249848365784
135,4115.36146651493,2.19825887680054
135,4157.78787327005,3.51081228256226
135,4157.78787338612,3.13319087028503
135,4200.21428014116,4.04816436767578
135,4200.21428025731,3.07921576499939
135,4242.64068701223,4.00534725189209
135,4242.64068712916,2.68257236480713
135,4285.06709388334,3.65419626235962
135,4285.06709400036,2.26065969467163
135,4327.49350075445,3.08423161506653
135,4327.49350087155,2.77109241485596
135,4369.91990762552,3.3771984577179
135,4369.91990774274,3.23844337463379
135,4412.34631449663,3.63789010047913
135,4412.34631461393,4.13333082199097
135,4454.77272136774,4.05462121963501
135,4454.77272148513,5.49153470993042
135,4497.19912823881,5.68662405014038
135,4497.19912835632,7.29536533355713
135,4539.62553510992,7.17589426040649
135,4539.62553522817,9.24935340881348
135,4582.05194198103,8.68363189697266
135,4582.05194209937,9.64062976837158
135,4624.4783488521,8.67678260803223
135,4624.47834897056,8.45875453948975
135,4666.90475572321,7.64242506027222
135,4666.90475584175,6.59928274154663
135,4709.33116259432,6.70864725112915
135,4709.33116271294,6.0818829536438
135,4751.75756946543,6.67435169219971
135,4751.75756958414,6.7798752784729
135,4794.1839763365,7.34183216094971
135,4794.18397645533,7.6997766494751
135,4836.61038320761,8.24880599975586
135,4836.61038332718,7.91377449035645
135,4879.03679007872,8.10982894897461
135,4879.03679019837,6.1942400932312
135,4921.46319694979,5.77460098266602
135,4921.46319706957,5.28678178787231
135,4963.8896038209,5.86288022994995
135,4963.88960394076,6.30534934997559
135,5006.31601069201,6.78268051147461
135,5006.31601081195,6.85175085067749
135,5048.74241756308,8.35280323028564
135,5048.74241768315,8.64259243011475
135,5091.16882443419,7.90716028213501
135,5091.16882455434,8.39100933074951
135,5133.5952313053,9.68492984771729
135,5133.59523142619,10.6692800521851
135,5176.02163817642,12.5065498352051
135,5176.02163829738,12.2556009292603
135,5218.44804504748,11.2697973251343
135,5218.44804516857,8.96962738037109
135,5260.87445191859,6.77671766281128
135,5260.87445203977,6.9895453453064
135,5303.3008587897,8.68418025970459
135,5303.30085891096,11.5557889938354
135,5345.72726566078,14.9310741424561
135,5345.72726578215,15.1131286621094
135,5388.15367253189,14.5263710021973
135,5388.15367265335,12.4965629577637
135,5430.580079403,10.7539777755737
135,5430.5800795252,10.8862895965576
135,5473.00648627406,12.3016004562378
135,5473.00648639639,12.9017143249512
135,5515.43289314518,11.6793260574341
135,5515.43289326758,10.8682518005371
135,5557.85930001629,6.59946298599243
135,5557.85930013878,7.77981758117676
135,5600.28570688736,9.53932952880859
135,5600.28570700997,11.5619611740112
135,5642.71211375847,11.9934587478638
135,5642.71211388116,11.2172365188599
135,5685.13852062958,9.34069156646729
135,5685.13852075235,7.67890071868896
135,5727.56492750069,7.42028570175171
135,5727.56492762421,9.38944721221924
135,5769.99133437176,9.73928833007812
135,5769.9913344954,8.88772583007812
135,5812.41774124287,8.37228298187256
135,5812.41774136659,5.62375640869141
135,5854.84414811398,5.46853494644165
135,5854.84414823778,3.2970278263092
135,5897.27055498505,4.46841192245483
135,5897.27055510898,4.56424617767334
135,5939.69696185616,6.26922702789307
135,5939.69696198017,7.17042398452759
135,5982.12336872727,8.28332996368408
135,5982.12336885136,9.25526523590088
135,6024.54977559834,10.6492004394531
135,6024.54977572321,10.2230768203735
135,6066.97618246945,11.3540992736816
135,6066.97618259441,9.4579610824585
135,6109.40258934056,8.495924949646
135,6109.4025894656,6.62553691864014
135,6151.82899621163,6.35362958908081
135,6151.82899633679,7.35833311080933
135,6194.25540308274,8.5464391708374
135,6194.25540320799,9.81105709075928
135,6236.68180995385,10.5244178771973
135,6236.68181007918,9.88434886932373
135,6279.10821682496,9.66194343566895
135,6279.10821695037,8.36802101135254
135,6321.53462369603,6.94671392440796
135,6321.53462382222,7.30888080596924
135,6363.96103056714,6.03793001174927
135,6363.96103069342,7.79157733917236
135,6406.38743743825,6.01385641098022
135,6406.38743756461,7.83631610870361
135,6448.81384430932,5.94585180282593
135,6448.8138444358,6.93060541152954
135,6491.24025118043,5.39894723892212
135,6491.24025130699,5.79371929168701
135,6533.66665805154,4.44386291503906
135,6533.66665817819,4.37537145614624
135,6576.09306492261,4.14998245239258
135,6576.09306504938,5.08313751220703
135,6618.51947179372,4.93645715713501
135,6618.51947192123,5.41851329803467
135,6660.94587866483,4.94055032730103
135,6660.94587879242,4.76985168457031
135,6703.3722855359,3.69271540641785
135,6703.37228566362,3.97764253616333
135,6745.79869240701,2.5679817199707
135,6745.79869253481,2.09069061279297
135,6788.22509927812,2.8817355632782
135,6788.225099406,3.03330707550049
135,6830.65150614923,5.5170259475708
135,6830.6515062772,5.19512271881104
135,6873.0779130203,7.97260475158691
135,6873.07791314839,7.93912649154663
135,6915.50431989141,9.19558906555176
135,6915.50432002024,8.43087577819824
135,6957.93072676252,8.48500156402588
135,6957.93072689143,7.74028491973877
135,7000.35713363359,7.19145345687866
135,7000.35713376263,6.7075834274292
135,7042.7835405047,6.03221654891968
135,7042.78354063382,5.85679292678833
135,7085.20994737581,5.24886035919189
135,7085.20994750501,4.96695375442505
135,7127.63635424688,5.00415992736816
135,7127.6363543762,5.22638511657715
135,7170.06276111799,6.1019868850708
135,7170.0627612474,5.39740562438965
135,7212.4891679891,4.81723022460938
135,7212.48916811925,3.14417719841003
135,7254.91557486017,2.85687112808228
135,7254.91557499044,3.31823778152466
135,7297.34198173128,5.70582866668701
135,7297.34198186163,6.9029278755188
135,7339.76838860239,8.4176082611084
135,7339.76838873283,8.64864444732666
135,7382.19479547351,8.05465888977051
135,7382.19479560402,7.52467203140259
135,7424.62120234457,5.823401927948
135,7424.62120247521,5.67154884338379
135,7467.04760921569,5.27011203765869
135,7467.04760934707,5.09622049331665
135,7509.47401608679,5.15998506546021
135,7509.47401621826,4.23366260528564
135,7551.90042295786,3.55891466140747
135,7551.90042308945,2.5273768901825
135,7594.32682982897,1.63420629501343
135,7594.32682996064,1.79906177520752
135,7636.75323670008,1.73992764949799
135,7636.75323683183,2.65091466903687
135,7679.17964357115,3.02467060089111
135,7679.17964370303,3.97644662857056
135,7721.60605044226,4.60935306549072
135,7721.60605057422,4.98344469070435
135,7764.03245731338,6.25137329101562
135,7764.03245744607,6.08598709106445
135,7806.45886418449,7.42365026473999
135,7806.45886431727,7.28557920455933
135,7848.88527105556,7.58981084823608
135,7848.88527118846,7.08115005493164
135,7891.31167792667,5.76615238189697
135,7891.31167805965,4.74084615707397
135,7933.73808479778,2.60613012313843
135,7933.73808493084,2.12565994262695
135,7976.16449166885,1.93840956687927
135,7976.16449180204,2.24535465240479
135,8018.59089853996,2.59469866752625
135,8018.59089867323,2.68257236480713
135,8061.01730541107,2.41576266288757
135,8061.01730554508,2.56937050819397
135,8103.44371228214,2.4970850944519
135,8103.44371241627,3.17203903198242
135,8145.87011915325,3.28112101554871
135,8145.87011928747,3.77739691734314
135,8188.29652602436,4.06516456604004
135,8188.29652615866,4.62763261795044
135,8230.72293289543,4.92633008956909
135,8230.72293302985,4.77334070205688
135,8273.14933976654,5.06955194473267
135,8273.14933990105,4.90407371520996
135,8315.57574663765,4.6777229309082
135,8315.57574677224,4.2708535194397
135,8358.00215350876,3.59051465988159
135,8358.00215364409,3.26003432273865
135,8400.42856037983,2.7633581161499
135,8400.42856051528,2.55963349342346
135,8442.85496725094,2.45337009429932
135,8442.85496738648,2.56334733963013
135,8485.28137412205,2.64462757110596
135,8485.28137425767,2.64777302742004
135,8527.70778099312,2.85687112808228
135,8527.70778112886,2.86891579627991
135,8570.13418786423,2.78692388534546
135,8570.13418800005,2.48323750495911
135,8612.56059473534,2.00178289413452
135,8612.56059487124,1.73239398002625
135,8654.98700160641,2.32803320884705
135,8654.9870017431,2.84477543830872
135,8697.41340847752,3.4832706451416
135,8697.41340861429,3.55523753166199
135,8739.83981534863,3.3175208568573
135,8739.83981548548,2.6652295589447
135,8782.2662222197,2.59515690803528
135,8782.26622235668,3.45688581466675
135,8824.69262909081,4.71494197845459
135,8824.69262922787,4.99250316619873
135,8867.11903596192,5.50407934188843
135,8867.11903609906,4.60341596603394
135,8909.54544283303,4.03521966934204
135,8909.54544297025,3.21078729629517
135,8951.9718497041,2.87222957611084
135,8951.97184984211,3.13053321838379
135,8994.39825657521,2.92555260658264
135,8994.3982567133,3.44517111778259
135,9036.82466344632,3.38844656944275
135,9036.82466358449,3.76541614532471
135,9079.25107031739,3.84478902816772
135,9079.25107045568,3.89426231384277
135,9121.6774771885,3.96956324577332
135,9121.67747732688,3.5304012298584
135,9164.10388405961,3.84169507026672
135,9164.10388419807,2.99305582046509
135,9206.53029093068,3.38634037971497
135,9206.53029106926,2.4280366897583
135,9248.95669780179,2.98270869255066
135,9248.95669794111,1.91185057163239
135,9291.3831046729,2.70464444160461
135,9291.38310481231,1.63129329681396
135,9333.80951154401,2.46931219100952
135,9333.8095116835,1.76301002502441
135,9376.23591841508,2.59424042701721
135,9376.2359185547,2.31317377090454
135,9418.66232528619,2.82042837142944
135,9418.66232542588,2.70464444160461
135,9461.0887321573,2.72435617446899
135,9461.08873229708,2.63832545280457
135,9503.51513902837,2.02364158630371
135,9503.51513916827,1.86589646339417
135,9545.94154589948,1.61149263381958
135,9545.94154604012,1.63129329681396
135,9588.36795277059,1.71653497219086
135,9588.36795291132,1.65013599395752
135,9630.79435964166,1.88049626350403
135,9630.79435978251,1.90437257289886
135,9673.22076651278,2.02716398239136
135,9673.2207666537,1.85823357105255
135,9715.64717338388,1.72068619728088
135,9715.6471735249,1.79376649856567
135,9758.07358025495,2.17596864700317
135,9758.07358039609,2.26538872718811
135,9800.49998712607,2.36954522132874
135,9800.49998726728,2.29562997817993
135,9842.92639399718,2.03594326972961
135,9842.92639413913,1.74334132671356
135,9885.35280086828,1.07063269615173
135,9885.35280101033,0.549564719200134
135,9927.77920773935,0.25339549779892
135,9927.77920788152,0
135,9970.20561461047,0.182465612888336
135,9970.20561475271,0
135,10012.6320214816,0.3045434653759
135,10012.6320216239,0.460057377815247
135,10055.0584283526,0.813091456890106
135,10055.0584284951,0.997022926807404
135,10097.4848352238,1.38103342056274
135,10097.4848353663,1.42426729202271
135,10139.9112420949,1.47914552688599
135,10139.9112422381,1.47753691673279
135,10182.3376489659,1.11630439758301
135,10182.3376491093,1.02987480163574
135,10224.764055837,0.711716115474701
135,10224.7640559805,0.790851354598999
135,10267.1904627082,1.0005943775177
135,10267.1904628517,1.01358199119568
135,10309.6168695792,1.19352197647095
135,10309.6168697229,1.35407960414886
135,10352.0432764503,1.33640158176422
135,10352.0432765941,1.3775851726532
135,10394.4696833214,1.28375935554504
135,10394.4696834653,1.42676973342896
135,10436.8960901926,1.65229630470276
135,10436.8960903371,1.88176047801971
135,10479.3224970636,2.08442497253418
135,10479.3224972083,2.23739695549011
135,10521.7489039347,2.42656707763672
135,10521.7489040795,2.55824995040894
135,10564.1753108058,2.49443817138672
135,10564.1753109507,2.42106795310974
135,10606.6017176769,1.98761594295502
135,10606.6017178219,2.05162954330444
135,10649.028124548,1.69588708877563
